"last_name","frequency"
"Shahab","295"
"Tetsushi","291"
"Elgin","279"
"Anyuan","278"
"Huican","276"
"Make","275"
"Panayotis","272"
"Sreekrishna","272"
"Hatem","271"
"Giri","270"
"Shen","270"
"Vitali","270"
"Xuedong","270"
"Berry","269"
"Eldridge","269"
"Ewing","269"
"Pranav","269"
"Sariel","269"
"Mansur","268"
"Monique","268"
"Brewster","267"
"Dannz","267"
"Manu","267"
"Shaunak","267"
"Supot","267"
"Hairong","266"
"Mostafa","266"
"Saeed","266"
"Val","266"
"Yurij","266"
"Jayesh","265"
"Mariangiola","265"
"Prodip","265"
"Ramzi","265"
"Tuval","265"
"Demin","264"
"Jaber","264"
"Lalit","264"
"Oldrich","264"
"Rance","264"
"Takanari","264"
"Bojan","263"
"Charlene","263"
"Heng","263"
"Irene","263"
"Jacopo","263"
"Mang","263"
"Shuzo","263"
"Tokuyasu","263"
"Erzsebet","262"
"Mitsuyuki","262"
"Mokhtar","262"
"Przemyslawa","262"
"Raimond","262"
"Rayond","262"
"Serap","262"
"Shigehito","262"
"Shigeu","262"
"Arno","261"
"Dietrich","261"
"Frederique","261"
"Heeju","261"
"Hyuckchul","261"
"Kayoko","261"
"Yannik","261"
"Yefim","261"
"Guther","260"
"Kazuhisa","260"
"Khun","260"
"Sachio","260"
"Salvador","260"
"Ymte","260"
"Yoshinari","260"
"Akemi","259"
"Emdad","259"
"Kristin","259"
"Kristinn","259"
"Mayuko","259"
"Pranay","259"
"Arvind","258"
"Atreye","258"
"Eckart","258"
"Kazuhiko","258"
"Kenroku","258"
"Lidong","258"
"Mong","258"
"Pramod","258"
"Youssef","258"
"Zvonko","258"
"Chikako","257"
"Dipankar","257"
"Gretta","257"
"Howell","257"
"Jaideep","257"
"Kauko","257"
"Kersti","257"
"Nadjib","257"
"Saniya","257"
"Ugo","257"
"Zhenhua","257"
"Chiranjit","256"
"Fei","256"
"Idoia","256"
"Jackson","256"
"Karlis","256"
"Koichi","256"
"Mani","256"
"Pranjal","256"
"Sanjai","256"
"Sergi","256"
"Shaowei","256"
"Shigenori","256"
"Shir","256"
"Spyrose","256"
"Sverrir","256"
"Ute","256"
"Wonhee","256"
"Yuguang","256"
"Arie","255"
"Barry","255"
"Boguslaw","255"
"Eran","255"
"Filipe","255"
"Foong","255"
"Guoxiang","255"
"Hercules","255"
"Leah","255"
"Masako","255"
"Miyeon","255"
"Shooichi","255"
"Yahiko","255"
"Filipp","254"
"Kristen","254"
"Lijia","254"
"Mario","254"
"Navin","254"
"Pragnesh","254"
"Saddek","254"
"Tianruo","254"
"Weidon","254"
"Zongyan","254"
"Chinhyun","253"
"Dzung","253"
"Georgi","253"
"Herbert","253"
"Hideyuki","253"
"Mart","253"
"Mayumi","253"
"Muneo","253"
"Piyawadee","253"
"Radoslaw","253"
"Shawna","253"
"Srinidhi","253"
"Szabolcs","253"
"Collette","252"
"Constantine","252"
"Djenana","252"
"Elzbieta","252"
"Hatsukazu","252"
"Hausi","252"
"Jiakeng","252"
"Jongsuk","252"
"Kinh","252"
"Kish","252"
"Kousuke","252"
"Leon","252"
"Mabhin","252"
"Naftaly","252"
"Nidapan","252"
"Parke","252"
"Ranga","252"
"Ronghao","252"
"Sadok","252"
"Adam","251"
"Atreyi","251"
"Berhard","251"
"Bodh","251"
"Byong","251"
"Deniz","251"
"Francoise","251"
"Gilbert","251"
"Kamakshi","251"
"Kellyn","251"
"Kyoichi","251"
"Nalini","251"
"Shridhar","251"
"Stevo","251"
"Taegyun","251"
"Taisook","251"
"Vitaly","251"
"Willard","251"
"Yakichi","251"
"Zito","251"
"Chriss","250"
"Jixiang","250"
"Jungsoon","250"
"Kokou","250"
"Masaki","250"
"Niteen","250"
"Phillip","250"
"Phuoc","250"
"Renee","250"
"Roddy","250"
"Shakhar","250"
"Shunichi","250"
"Takahiro","250"
"Valery","250"
"Yunming","250"
"Zhiguo","250"
"Adib","249"
"Adil","249"
"Arnd","249"
"Bouchung","249"
"Danai","249"
"Dante","249"
"Gaetan","249"
"Georg","249"
"Janche","249"
"Mingsen","249"
"Nahum","249"
"Nikolaos","249"
"Otilia","249"
"Ottavia","249"
"Pintsang","249"
"Remko","249"
"Rosalyn","249"
"Sakthirel","249"
"Shan","249"
"Shin","249"
"Shirish","249"
"Sumant","249"
"Theirry","249"
"Toney","249"
"Uinam","249"
"Uzi","249"
"Venkatesan","249"
"Visit","249"
"Xinglin","249"
"Yifei","249"
"Yongqiao","249"
"Zhilian","249"
"Along","248"
"Angel","248"
"Babette","248"
"Berto","248"
"Candida","248"
"Chuanti","248"
"Conrado","248"
"Deborah","248"
"Duke","248"
"Dulce","248"
"Fumiyo","248"
"Geraldo","248"
"Gino","248"
"Guozhong","248"
"Jasminko","248"
"Kensei","248"
"Kerryn","248"
"Marjo","248"
"Martijn","248"
"Morris","248"
"Oksana","248"
"Paraskevi","248"
"Randy","248"
"Rimli","248"
"Shugo","248"
"Taizo","248"
"Tamiya","248"
"Toshimi","248"
"Toshimori","248"
"Wojceich","248"
"Xudong","248"
"Abdelghani","247"
"Arvin","247"
"Divier","247"
"Jiang","247"
"Khatoun","247"
"Kiyotoshi","247"
"Manibrata","247"
"Mikhail","247"
"Olivera","247"
"Owen","247"
"Richard","247"
"Sanjoy","247"
"Uma","247"
"Vishv","247"
"Xinyu","247"
"Yechezkel","247"
"Ashish","246"
"Augustine","246"
"Bangqing","246"
"Bartek","246"
"Bernardo","246"
"Chikara","246"
"Cullen","246"
"DAIDA","246"
"Dines","246"
"Eberhardt","246"
"Ekawit","246"
"Elvis","246"
"Faiza","246"
"Gina","246"
"Heon","246"
"Huiqun","246"
"Jingling","246"
"Joydip","246"
"Kensyu","246"
"Leen","246"
"Miomir","246"
"Munehiko","246"
"Padma","246"
"Paloma","246"
"Qingxiang","246"
"Qiwen","246"
"Reinhard","246"
"Richara","246"
"Siddarth","246"
"Susumu","246"
"Tadahiro","246"
"Tayeb","246"
"Toshiko","246"
"Tsz","246"
"Wilmer","246"
"Bokyung","245"
"Chanjung","245"
"Claudi","245"
"Eishiro","245"
"Elrique","245"
"Felicidad","245"
"Genta","245"
"Giordano","245"
"Kankanahalli","245"
"Kazuhito","245"
"Kenton","245"
"Lubomir","245"
"Luisa","245"
"Mabo","245"
"Moss","245"
"Neven","245"
"Shaibal","245"
"Sham","245"
"Shietung","245"
"Siamak","245"
"Steve","245"
"Sudhanshu","245"
"Susanne","245"
"Tomofumi","245"
"Tonny","245"
"Valeri","245"
"Vivian","245"
"Waiman","245"
"Xiahua","245"
"Xiaoheng","245"
"Yinlin","245"
"Yongdong","245"
"Zeljko","245"
"Zhensheng","245"
"Arfst","244"
"Arto","244"
"Chuanyi","244"
"Danae","244"
"Eric","244"
"Gao","244"
"Iara","244"
"Itzchak","244"
"Jamaludin","244"
"Josyula","244"
"Kaijung","244"
"King","244"
"Mahmut","244"
"Moheb","244"
"Odoardo","244"
"Pasqua","244"
"Shih","244"
"Steen","244"
"Teiji","244"
"Xianlong","244"
"Yuuichi","244"
"Zine","244"
"Adel","243"
"Bingning","243"
"Breannda","243"
"Chenyi","243"
"Dekang","243"
"Ennio","243"
"Gad","243"
"Gal","243"
"Hitofumi","243"
"Jordanka","243"
"Lillian","243"
"Masasuke","243"
"Moon","243"
"Radhia","243"
"Rafols","243"
"Shounak","243"
"Stein","243"
"Subhada","243"
"Taiji","243"
"Zdislav","243"
"Alair","242"
"Basant","242"
"Candido","242"
"Dmitry","242"
"Georgy","242"
"Gift","242"
"Goetz","242"
"Gonzalo","242"
"Huan","242"
"Karsten","242"
"Khalid","242"
"Lein","242"
"Lunjin","242"
"Maia","242"
"Masaru","242"
"Masoud","242"
"Mechthild","242"
"Mohammad","242"
"Prasadram","242"
"Premsyl","242"
"Remzi","242"
"Samphel","242"
"Satyanarayana","242"
"Shalesh","242"
"Shigeichiro","242"
"Suzette","242"
"Torsten","242"
"Yannis","242"
"Yinghua","242"
"Abdelwaheb","241"
"Aksel","241"
"Arra","241"
"Arun","241"
"Brigham","241"
"Conor","241"
"Duro","241"
"Elvia","241"
"Fayez","241"
"Freyja","241"
"Genevieve","241"
"Hilari","241"
"Irena","241"
"Izaskun","241"
"Jianhua","241"
"Khue","241"
"Kiam","241"
"Lokesh","241"
"Luerbio","241"
"Marco","241"
"Masato","241"
"Muzhong","241"
"Rildo","241"
"Shahid","241"
"Sushant","241"
"Takushi","241"
"Tiina","241"
"Tzvetan","241"
"Yechiam","241"
"Yonghong","241"
"Yoshimitsu","241"
"Yucai","241"
"Zhiwei","241"
"Zhongwei","241"
"Zissis","241"
"Alain","240"
"Amabile","240"
"Angus","240"
"Baocai","240"
"Bedrich","240"
"Bernd","240"
"Doohun","240"
"Fabrizio","240"
"Frazer","240"
"Fumitaka","240"
"Gen","240"
"Guadalupe","240"
"Jouni","240"
"Kerhong","240"
"Koldo","240"
"Kwun","240"
"Leaf","240"
"Nathan","240"
"Nigel","240"
"Remmert","240"
"Rosine","240"
"Sastry","240"
"Shaz","240"
"Shichao","240"
"Shuji","240"
"Somnath","240"
"Tran","240"
"Uta","240"
"Vishu","240"
"Yuqun","240"
"Akeno","239"
"Bilhanan","239"
"Chaitali","239"
"Christoper","239"
"Danil","239"
"Demos","239"
"Eben","239"
"Flemming","239"
"Florina","239"
"Fox","239"
"Fumiko","239"
"Gill","239"
"Heping","239"
"Herb","239"
"Hiroyasu","239"
"Jeong","239"
"Kazunori","239"
"Leif","239"
"Maik","239"
"Mana","239"
"Maria","239"
"Marla","239"
"Mingdong","239"
"Piyush","239"
"Sanjay","239"
"Shiv","239"
"Toong","239"
"Van","239"
"Alper","238"
"Armond","238"
"Ayakannu","238"
"Ayonca","238"
"Bedir","238"
"Chandrasekaran","238"
"Christ","238"
"Elliott","238"
"Gita","238"
"Heekeun","238"
"Hilary","238"
"Hongzue","238"
"Hyuncheol","238"
"Leucio","238"
"Limsoon","238"
"Lobel","238"
"Luigi","238"
"Marsal","238"
"Mooi","238"
"Poornachandra","238"
"Reinhold","238"
"Rutger","238"
"Sandeepan","238"
"Selwyn","238"
"Seshu","238"
"Subhash","238"
"Sudharsan","238"
"Unal","238"
"Vincent","238"
"Yagil","238"
"Yolla","238"
"Ziva","238"
"Aiichiro","237"
"Chaosheng","237"
"Christophe","237"
"Djelloul","237"
"Guiseppe","237"
"Hongzhu","237"
"Hsiangchu","237"
"Ioana","237"
"JoAnne","237"
"Khoa","237"
"Kien","237"
"Kwangsub","237"
"Lena","237"
"Marlo","237"
"Mohan","237"
"Patricio","237"
"Quingbo","237"
"Radhika","237"
"Rajmohan","237"
"Sadun","237"
"Sailaja","237"
"Sajjad","237"
"Serge","237"
"Stamatina","237"
"Subir","237"
"Sugwoo","237"
"Sukumar","237"
"Takahira","237"
"Tomoyuki","237"
"Vatsa","237"
"Wuxu","237"
"Xiaopeng","237"
"Zhigen","237"
"Adin","236"
"Aloys","236"
"Basil","236"
"Boalin","236"
"Constantino","236"
"Danny","236"
"Denny","236"
"Doowon","236"
"Geoffrey","236"
"Hironobu","236"
"Honesty","236"
"Jianwen","236"
"JoAnna","236"
"Kannan","236"
"Kasturi","236"
"Lene","236"
"Mads","236"
"Marsha","236"
"Maya","236"
"Minghong","236"
"Moni","236"
"Nectarios","236"
"Oscar","236"
"Pohua","236"
"Remco","236"
"Sampalli","236"
"Satoru","236"
"Serenella","236"
"Shao","236"
"Stafford","236"
"Stella","236"
"Susanna","236"
"Tetsurou","236"
"Theron","236"
"Tooru","236"
"Tzu","236"
"Uno","236"
"Yongmin","236"
"Zsolt","236"
"Bernt","235"
"Etsuo","235"
"Fumino","235"
"Giap","235"
"Gio","235"
"Guenter","235"
"Gunilla","235"
"Hein","235"
"Hidde","235"
"Ibibia","235"
"IEEE","235"
"Jayson","235"
"Lijie","235"
"Marek","235"
"Maren","235"
"Marie","235"
"Marsja","235"
"Murthy","235"
"Randi","235"
"Rosli","235"
"Shem","235"
"Shmuel","235"
"Syozo","235"
"Tesuro","235"
"Tristan","235"
"Udi","235"
"Zeydy","235"
"Adit","234"
"Alagu","234"
"Alassane","234"
"Aleksandar","234"
"Aleksander","234"
"Arco","234"
"Aris","234"
"Berni","234"
"Boriana","234"
"Bowen","234"
"Gor","234"
"Greger","234"
"Gudjon","234"
"Ipke","234"
"Jaana","234"
"Jaques","234"
"Kamran","234"
"Karoline","234"
"Kazuhide","234"
"Krisda","234"
"Kristina","234"
"Kwee","234"
"Mack","234"
"Marko","234"
"Martine","234"
"Moie","234"
"Odinaldo","234"
"Parviz","234"
"Pranas","234"
"Sachar","234"
"Stepehn","234"
"Toshimitsu","234"
"Uli","234"
"Ung","234"
"Vasilii","234"
"Xuejun","234"
"Alejandra","233"
"Arne","233"
"Arnould","233"
"Bernice","233"
"Dhritiman","233"
"Falguni","233"
"Feiyu","233"
"Hirochika","233"
"Hugh","233"
"Jeanne","233"
"Jiann","233"
"Jiong","233"
"Katsuyuki","233"
"Khaled","233"
"Kiyokazu","233"
"Kotesh","233"
"Kwok","233"
"Macha","233"
"Masami","233"
"Matt","233"
"Mitchel","233"
"Perry","233"
"Roselyn","233"
"Shay","233"
"Shimshon","233"
"Terresa","233"
"Tommaso","233"
"Vishwani","233"
"Younwoo","233"
"Anneli","232"
"Apostol","232"
"Aram","232"
"Barton","232"
"Boaz","232"
"Dayanand","232"
"Debatosh","232"
"Denis","232"
"Fusako","232"
"Gianluca","232"
"Hatim","232"
"Horward","232"
"Ingemar","232"
"Jianhao","232"
"Jouko","232"
"Katsuo","232"
"Kazuhira","232"
"Kendra","232"
"Leszek","232"
"Lorien","232"
"Marc","232"
"Margareta","232"
"Mari","232"
"Mingzeng","232"
"Mizuhito","232"
"Nikolaus","232"
"Otmar","232"
"Peer","232"
"Sachin","232"
"Sigeru","232"
"Sreenivas","232"
"Subhrajyoti","232"
"Teunis","232"
"Tremaine","232"
"Turgut","232"
"Vidya","232"
"Yakkov","232"
"Youpyo","232"
"Zhenbing","232"
"Zhonghui","232"
"Achilleas","231"
"Amstein","231"
"Arunachalam","231"
"Baoqiu","231"
"Baruch","231"
"Dinah","231"
"Franziska","231"
"Gaurav","231"
"George","231"
"Ger","231"
"Gurbir","231"
"Henk","231"
"Jeanna","231"
"Jenwei","231"
"Jinya","231"
"Junichi","231"
"Krassimir","231"
"Krister","231"
"Lihong","231"
"Manohar","231"
"Martina","231"
"Masali","231"
"Mrinalini","231"
"Teruyuki","231"
"Ulf","231"
"Utz","231"
"Valdiodio","231"
"Vasilis","231"
"Xiaoqiu","231"
"Xinan","231"
"Xiong","231"
"Xuejia","231"
"Aloke","230"
"Anoosh","230"
"Anwar","230"
"Carrsten","230"
"Charmane","230"
"Divine","230"
"Fun","230"
"Golgen","230"
"Hailing","230"
"Huei","230"
"Janalee","230"
"Jeane","230"
"Keiichiro","230"
"Mara","230"
"Mark","230"
"Mayuri","230"
"Mohua","230"
"Nakhoon","230"
"Qunsheng","230"
"Sedat","230"
"Slavian","230"
"Takahito","230"
"Temple","230"
"Tru","230"
"Xiaobin","230"
"Arch","229"
"Aria","229"
"Arlette","229"
"Arunas","229"
"Cheong","229"
"Cordelia","229"
"Dipayan","229"
"Fai","229"
"Heather","229"
"Hinrich","229"
"Jaihie","229"
"Kirk","229"
"Kolar","229"
"Mantis","229"
"Marl","229"
"Mats","229"
"Mohammed","229"
"Munir","229"
"Niclas","229"
"Nishit","229"
"Paris","229"
"Poorav","229"
"Ramachenga","229"
"Rosalie","229"
"Sachem","229"
"Sanjeeva","229"
"Shahaf","229"
"Shaleah","229"
"Sibyl","229"
"Subhankar","229"
"Thanasis","229"
"Tse","229"
"Xiaoshan","229"
"Yishai","229"
"Youngkon","229"
"Ziyad","229"
"Aamer","228"
"Aimee","228"
"Akeel","228"
"Alois","228"
"Arumugam","228"
"Arve","228"
"Basim","228"
"Bezalel","228"
"Boutros","228"
"Changho","228"
"Christfried","228"
"Claude","228"
"Domenick","228"
"Francesca","228"
"Geoff","228"
"Giao","228"
"Gil","228"
"Godehard","228"
"Halsur","228"
"Hitomi","228"
"Inderjeet","228"
"Jahangir","228"
"Jinxi","228"
"Larisa","228"
"Munehiro","228"
"Nitsan","228"
"Odysseas","228"
"Parto","228"
"Ranan","228"
"Sadegh","228"
"Sasan","228"
"Seongbin","228"
"Surveyors","228"
"Sven","228"
"Udo","228"
"Weicheng","228"
"Weiru","228"
"Weiwu","228"
"Youjian","228"
"Yuichiro","228"
"Abdelaziz","227"
"Badri","227"
"Baziley","227"
"Becky","227"
"Berthier","227"
"Cedric","227"
"Chenye","227"
"Chiradeep","227"
"Chrisa","227"
"Edwin","227"
"Evgueni","227"
"Fay","227"
"Isaac","227"
"Kwangho","227"
"Lucian","227"
"Lucien","227"
"Mandell","227"
"Martins","227"
"Mohit","227"
"Morrie","227"
"Navid","227"
"Nevio","227"
"Nirmal","227"
"Percy","227"
"Pradeep","227"
"Rasiah","227"
"Rosita","227"
"Shaowen","227"
"Tze","227"
"Yaghout","227"
"Yongmao","227"
"Zijian","227"
"Abdulla","226"
"Bluma","226"
"Chirstian","226"
"Diederik","226"
"Duangkaew","226"
"Fan","226"
"Gennady","226"
"Gopalakrishnan","226"
"Gritta","226"
"Hugo","226"
"Kellie","226"
"Lenore","226"
"Mahendra","226"
"Manton","226"
"Marin","226"
"Marke","226"
"Masanao","226"
"Mohamadou","226"
"Mototsugu","226"
"Nechama","226"
"Nevin","226"
"Pantung","226"
"Radhakrishnan","226"
"Shai","226"
"Souichi","226"
"Stabislas","226"
"Tesuya","226"
"Weiye","226"
"Amalendu","225"
"Anneke","225"
"Aral","225"
"Branimir","225"
"Chinya","225"
"Gay","225"
"Goncalo","225"
"Heejo","225"
"Jaewoo","225"
"Kiyomitsu","225"
"Kristian","225"
"Margo","225"
"Noritoshi","225"
"Palash","225"
"Pascal","225"
"Premal","225"
"Rasikan","225"
"Roded","225"
"Shim","225"
"Toshiki","225"
"Uri","225"
"Zorica","225"
"Aiman","224"
"Almudena","224"
"Behnaam","224"
"Constantijn","224"
"Danel","224"
"Dharmaraja","224"
"Feipei","224"
"Ferdinand","224"
"Gadiel","224"
"Gererd","224"
"Ghassan","224"
"Gila","224"
"Goh","224"
"Hideo","224"
"Indrajit","224"
"Jagoda","224"
"Junsik","224"
"Kagan","224"
"Kazuyasu","224"
"Kitty","224"
"Kwangyoen","224"
"Mariusz","224"
"Mary","224"
"Masamitsu","224"
"Mona","224"
"Ortrun","224"
"Peternela","224"
"Sarita","224"
"Shahar","224"
"Shaw","224"
"Suvo","224"
"Tsuneo","224"
"Ult","224"
"Vidar","224"
"Weiyi","224"
"Xiping","224"
"Yucel","224"
"Zita","224"
"Barun","223"
"Bikash","223"
"Chinho","223"
"Dinkar","223"
"Dmitri","223"
"Gully","223"
"Jaewon","223"
"Jiafu","223"
"Khalil","223"
"Magy","223"
"Martial","223"
"Menkae","223"
"Nobuyoshi","223"
"Ramalingam","223"
"Shushma","223"
"Subbu","223"
"Troy","223"
"Trygve","223"
"Ulises","223"
"Uriel","223"
"Vojin","223"
"Yuriy","223"
"Abdelkader","222"
"Annemarie","222"
"Arup","222"
"Billie","222"
"Bodo","222"
"Douadi","222"
"Florian","222"
"Fumitake","222"
"Hauke","222"
"Hidefumi","222"
"Hisao","222"
"Holgard","222"
"Huai","222"
"Jovan","222"
"Mircea","222"
"Neelam","222"
"Oddvar","222"
"Ramya","222"
"Ronnie","222"
"Snehasis","222"
"Tsutomu","222"
"Udaiprakash","222"
"Woody","222"
"Xiaocheng","222"
"Aran","221"
"Billur","221"
"Cathie","221"
"Chenxi","221"
"Cristinel","221"
"Duri","221"
"Erez","221"
"Fuqing","221"
"Genki","221"
"Girolamo","221"
"Gro","221"
"Honglan","221"
"Houman","221"
"Isamu","221"
"Kasidit","221"
"Lakshmi","221"
"LiMin","221"
"Maris","221"
"Masadi","221"
"Nathalie","221"
"Nimmagadda","221"
"Petter","221"
"Saeko","221"
"Sashi","221"
"Sungwon","221"
"Susanta","221"
"Tomokazu","221"
"Urs","221"
"Vesna","221"
"Werner","221"
"Xiaoqiang","221"
"Zengping","221"
"Abdulah","220"
"Barna","220"
"Clyde","220"
"Eirik","220"
"Fatemeh","220"
"Feixiong","220"
"Haldun","220"
"Juichirou","220"
"Malu","220"
"Martien","220"
"Nahla","220"
"Naraig","220"
"Rafael","220"
"Vugranam","220"
"Goa","219"
"Harngdar","219"
"Hironoby","219"
"Jacqueline","219"
"Kwangjo","219"
"Licheng","219"
"Matk","219"
"Sanjit","219"
"Shigehiro","219"
"Shuichi","219"
"Thodoros","219"
"Tonia","219"
"Weijing","219"
"Adhemar","218"
"Alexius","218"
"Caolyn","218"
"Geoffry","218"
"Gregory","218"
"Guttorm","218"
"Harjit","218"
"Ingmar","218"
"Luise","218"
"Munenori","218"
"Niranjan","218"
"Paddy","218"
"Reuven","218"
"Shrikanth","218"
"Tadahiko","218"
"Valeska","218"
"Wanqing","218"
"Keung","217"
"Kristine","217"
"Kristof","217"
"Rimon","217"
"Rosella","217"
"Sahrah","217"
"Shigeaki","217"
"Susuma","217"
"TRUE","217"
"Yishay","217"
"Yonghoan","217"
"Aamod","216"
"Adas","216"
"Alselm","216"
"DeForest","216"
"Dung","216"
"Jessie","216"
"JiYoung","216"
"Jolita","216"
"Khedija","216"
"Mabry","216"
"Marit","216"
"Mori","216"
"Moti","216"
"Nagui","216"
"Narain","216"
"Phule","216"
"Serif","216"
"Yurii","216"
"Adly","215"
"Anestis","215"
"Chaoyi","215"
"Christoph","215"
"Fen","215"
"Haldon","215"
"Juyoung","215"
"Kwan","215"
"Patricia","215"
"Seongbae","215"
"Shuky","215"
"Wayne","215"
"Yuchang","215"
"Yuping","215"
"Zhaofang","215"
"Goo","214"
"KayLiang","214"
"Laurentiu","214"
"Miquel","214"
"Oguz","214"
"Oscal","214"
"Persi","214"
"Ravishankar","214"
"Sangeeta","214"
"Sivanarayana","214"
"Volkmar","214"
"Aron","213"
"Debaprosad","213"
"Hidekazu","213"
"Leandro","213"
"Makato","213"
"Moto","213"
"Rafail","213"
"Satosi","213"
"Shigeo","213"
"Soenke","213"
"Suebskul","213"
"Tua","213"
"Conal","212"
"Ebru","212"
"Fumiya","212"
"Jinpo","212"
"Mamdouh","212"
"Sanjiv","212"
"Alejandro","211"
"Garnik","211"
"Gian","211"
"Michaela","211"
"Moriyoshi","211"
"Ortrud","211"
"Shuho","211"
"Uwe","211"
"Danco","210"
"Garnet","210"
"Jianhui","210"
"Kazuhiro","210"
"Khosrow","210"
"Maha","210"
"Mihalis","210"
"Moty","210"
"Mountaz","210"
"Xiadong","210"
"Akhilish","209"
"Leni","209"
"Naftali","209"
"Vasiliy","209"
"Aluzio","208"
"Avishai","208"
"Sorina","208"
"Utpal","208"
"Xumin","208"
"Aemilian","207"
"Alenka","207"
"Gennadi","207"
"Kshitij","207"
"Tadanori","207"
"Ziya","207"
"Adamantios","206"
"Aruna","206"
"Atilio","206"
"Bogdan","206"
"Insup","206"
"Mohd","206"
"Toshimo","206"
"Zejun","206"
"Berna","205"
"Emran","205"
"Lansing","205"
"Arif","204"
"Maja","204"
"Froduald","203"
"Guangming","203"
"Magdalena","203"
"Sumali","203"
"Zhanqiu","203"
"Zhonghua","203"
"Bader","202"
"Brendon","202"
"Tsvetan","202"
"Valter","202"
"Ohad","201"
"Ishfaq","200"
"Domenico","199"
"Gou","199"
"Nahid","199"
"Basem","198"
"Beshir","198"
"Perla","198"
"Sajjan","197"
"Gladys","194"
"Jaroslava","193"
"Ebbe","190"
"Lech","185"
"Renny","185"
"April","1"
